{
	"class_name" : "PinholeCameraParameters",
	"extrinsic" : 
	[
		0.99914598665590326,
		0.01054153512258011,
		-0.039952138699460703,
		0.0,
		0.036665984196996744,
		-0.67198276122164735,
		0.73965855245768375,
		0.0,
		-0.019050011870524401,
		-0.74049175867000028,
		-0.67179539473677774,
		0.0,
		-0.017513438159889694,
		0.054199704313635813,
		0.28339592711876294,
		1.0
	],
	"intrinsic" : 
	{
		"height" : 1061,
		"intrinsic_matrix" : 
		[
			918.85295341528945,
			0.0,
			0.0,
			0.0,
			918.85295341528945,
			0.0,
			959.5,
			530.0,
			1.0
		],
		"width" : 1920
	},
	"version_major" : 1,
	"version_minor" : 0
}